{
    "CONNECTIONS": [
        {
            "layers": [
                "EC_2",
                "EC_2_CA3.001",
                "EC_2_CA3.002",
                "EC_2_DG.000",
                "EC_2_DG.001",
                "EC_2_DG.synapse",
                "DG_sg"
            ],
            "mappings": [
                [
                    "MAP_euclid",
                    "DIS_euclid"
                ],
                [
                    "MAP_uv",
                    "DIS_euclid"
                ],
                [
                    "MAP_uv",
                    "DIS_jumpUV"
                ],
                [
                    "MAP_uv",
                    "DIS_euclid"
                ],
                [
                    "MAP_euclid",
                    "DIS_jumpUV"
                ],
                [
                    "MAP_normal",
                    "DIS_normalUV"
                ]
            ],
            "ng_post": "Granule Cells",
            "ng_pre": "EC2_Pyramidal",
            "no_synapses": 111,
            "post_kernel": {
                "args": {
                    "shift_u": 0.0,
                    "shift_v": 0.0,
                    "var_u": 1.3,
                    "var_v": 1.3
                },
                "name": "gauss"
            },
            "pre_kernel": {
                "args": {
                    "shift_u": 0.0,
                    "shift_v": 0.0,
                    "var_u": 5.0,
                    "var_v": 0.3
                },
                "name": "gauss"
            },
            "synaptic_layer_index": 5
        },
        {
            "layers": [
                "EC_2",
                "EC_2_CA3.001",
                "EC_2_CA3.002",
                "EC_2_CA3.003",
                "EC_2_CA3.004",
                "EC_2_CA3.005",
                "EC_2_CA3_synapse",
                "CA3_sp"
            ],
            "mappings": [
                [
                    "MAP_euclid",
                    "DIS_euclid"
                ],
                [
                    "MAP_uv",
                    "DIS_euclid"
                ],
                [
                    "MAP_uv",
                    "DIS_jumpUV"
                ],
                [
                    "MAP_uv",
                    "DIS_euclid"
                ],
                [
                    "MAP_top",
                    "DIS_euclid"
                ],
                [
                    "MAP_euclid",
                    "DIS_euclidUV"
                ],
                [
                    "MAP_normal",
                    "DIS_normalUV"
                ]
            ],
            "ng_post": "CA3_Pyramidal",
            "ng_pre": "EC2_Pyramidal",
            "no_synapses": 118,
            "post_kernel": {
                "args": {
                    "shift_u": 0.0,
                    "shift_v": 0.0,
                    "var_u": 1.3,
                    "var_v": 1.3
                },
                "name": "gauss"
            },
            "pre_kernel": {
                "args": {
                    "shift_u": 0.0,
                    "shift_v": 0.0,
                    "var_u": 0.1,
                    "var_v": 0.3
                },
                "name": "gauss"
            },
            "synaptic_layer_index": 6
        },
        {
            "layers": [
                "EC_2",
                "EC_2_CA3.001",
                "EC_2_CA3.002",
                "EC_2_CA3.003",
                "EC_2_CA1_synapse",
                "CA1_sp"
            ],
            "mappings": [
                [
                    "MAP_euclid",
                    "DIS_euclid"
                ],
                [
                    "MAP_uv",
                    "DIS_euclid"
                ],
                [
                    "MAP_uv",
                    "DIS_jumpUV"
                ],
                [
                    "MAP_uv",
                    "DIS_jumpUV"
                ],
                [
                    "MAP_normal",
                    "DIS_normalUV"
                ]
            ],
            "ng_post": "CA1_Pyramidal",
            "ng_pre": "EC2_Pyramidal",
            "no_synapses": 221,
            "post_kernel": {
                "args": {
                    "shift_u": 0.0,
                    "shift_v": 0.0,
                    "var_u": 1.3,
                    "var_v": 1.3
                },
                "name": "gauss"
            },
            "pre_kernel": {
                "args": {
                    "shift_u": 0.0,
                    "shift_v": 0.0,
                    "var_u": 0.1,
                    "var_v": 0.3
                },
                "name": "gauss"
            },
            "synaptic_layer_index": 4
        },
        {
            "layers": [
                "EC_2",
                "EC_2_CA3.001",
                "EC_2_CA3.002",
                "EC_2_CA3.003",
                "Subiculum.004",
                "Subiculum"
            ],
            "mappings": [
                [
                    "MAP_euclid",
                    "DIS_euclid"
                ],
                [
                    "MAP_uv",
                    "DIS_euclid"
                ],
                [
                    "MAP_uv",
                    "DIS_jumpUV"
                ],
                [
                    "MAP_uv",
                    "DIS_jumpUV"
                ],
                [
                    "MAP_normal",
                    "DIS_normalUV"
                ]
            ],
            "ng_post": "Sub_Pyramidal",
            "ng_pre": "EC2_Pyramidal",
            "no_synapses": 9,
            "post_kernel": {
                "args": {
                    "shift_u": 0.0,
                    "shift_v": 0.0,
                    "var_u": 0.5,
                    "var_v": 0.5
                },
                "name": "gauss"
            },
            "pre_kernel": {
                "args": {
                    "shift_u": 0.0,
                    "shift_v": 0.0,
                    "var_u": 0.1,
                    "var_v": 0.3
                },
                "name": "gauss"
            },
            "synaptic_layer_index": 4
        },
        {
            "layers": [
                "EC_2",
                "EC_5",
                "EC_5"
            ],
            "mappings": [
                [
                    "MAP_euclid",
                    "DIS_jumpUV"
                ],
                [
                    "MAP_euclid",
                    "DIS_jumpUV"
                ]
            ],
            "ng_post": "EC5_Pyramidal",
            "ng_pre": "EC2_Pyramidal",
            "no_synapses": 31,
            "post_kernel": {
                "args": {
                    "shift_u": 0.0,
                    "shift_v": 0.0,
                    "var_u": 0.1,
                    "var_v": 0.1
                },
                "name": "gauss"
            },
            "pre_kernel": {
                "args": {
                    "shift_u": 0.0,
                    "shift_v": 0.0,
                    "var_u": 0.1,
                    "var_v": 0.1
                },
                "name": "gauss"
            },
            "synaptic_layer_index": 1
        },
        {
            "layers": [
                "EC_5",
                "EC_2",
                "EC_2"
            ],
            "mappings": [
                [
                    "MAP_euclid",
                    "DIS_jumpUV"
                ],
                [
                    "MAP_euclid",
                    "DIS_jumpUV"
                ]
            ],
            "ng_post": "EC2_Pyramidal",
            "ng_pre": "EC5_Pyramidal",
            "no_synapses": 31,
            "post_kernel": {
                "args": {
                    "shift_u": 0.0,
                    "shift_v": 0.0,
                    "var_u": 0.1,
                    "var_v": 0.1
                },
                "name": "gauss"
            },
            "pre_kernel": {
                "args": {
                    "shift_u": 0.0,
                    "shift_v": 0.0,
                    "var_u": 0.1,
                    "var_v": 0.1
                },
                "name": "gauss"
            },
            "synaptic_layer_index": 1
        },
        {
            "layers": [
                "DG_sg",
                "DG_sg_axons_all",
                "CA3_sp"
            ],
            "mappings": [
                [
                    "MAP_euclid",
                    "DIS_euclidUV"
                ],
                [
                    "MAP_euclid",
                    "DIS_euclidUV"
                ]
            ],
            "ng_post": "CA3_Pyramidal",
            "ng_pre": "Granule Cells",
            "no_synapses": 2,
            "post_kernel": {
                "args": {
                    "shift_u": 0.0,
                    "shift_v": 0.0,
                    "var_u": 1.3,
                    "var_v": 1.3
                },
                "name": "gauss"
            },
            "pre_kernel": {
                "args": {
                    "shift_u": 0.0,
                    "shift_v": 0.0,
                    "var_u": 2.0,
                    "var_v": 0.5
                },
                "name": "gauss"
            },
            "synaptic_layer_index": 1
        },
        {
            "layers": [
                "CA3_sp",
                "CA3_sp_axons_all",
                "CA3_sp"
            ],
            "mappings": [
                [
                    "MAP_normal",
                    "DIS_normalUV"
                ],
                [
                    "MAP_normal",
                    "DIS_normalUV"
                ]
            ],
            "ng_post": "CA3_Pyramidal",
            "ng_pre": "CA3_Pyramidal",
            "no_synapses": 189,
            "post_kernel": {
                "args": {
                    "shift_u": 0.0,
                    "shift_v": 0.0,
                    "var_u": 1.3,
                    "var_v": 1.3
                },
                "name": "gauss"
            },
            "pre_kernel": {
                "args": {
                    "shift_u": -7.0,
                    "shift_v": 0.0,
                    "var_u": 10.0,
                    "var_v": 0.2
                },
                "name": "gauss"
            },
            "synaptic_layer_index": 1
        },
        {
            "layers": [
                "CA3_sp",
                "CA3_sp_axons_all",
                "CA1_sp"
            ],
            "mappings": [
                [
                    "MAP_normal",
                    "DIS_normalUV"
                ],
                [
                    "MAP_normal",
                    "DIS_euclidUV"
                ]
            ],
            "ng_post": "CA1_Pyramidal",
            "ng_pre": "CA3_Pyramidal",
            "no_synapses": 173,
            "post_kernel": {
                "args": {
                    "shift_u": 0.0,
                    "shift_v": 0.0,
                    "var_u": 1.3,
                    "var_v": 1.3
                },
                "name": "gauss"
            },
            "pre_kernel": {
                "args": {
                    "shift_u": -7.0,
                    "shift_v": 0.0,
                    "var_u": 10.0,
                    "var_v": 0.2
                },
                "name": "gauss"
            },
            "synaptic_layer_index": 1
        },
        {
            "layers": [
                "CA1_sp",
                "CA1_sp.002",
                "CA1_sp_axons_all",
                "Subiculum"
            ],
            "mappings": [
                [
                    "MAP_top",
                    "DIS_euclid"
                ],
                [
                    "MAP_top",
                    "DIS_UVjump"
                ],
                [
                    "MAP_normal",
                    "DIS_euclidUV"
                ]
            ],
            "ng_post": "Sub_Pyramidal",
            "ng_pre": "CA1_Pyramidal",
            "no_synapses": 110,
            "post_kernel": {
                "args": {
                    "shift_u": 0.0,
                    "shift_v": 0.0,
                    "var_u": 0.5,
                    "var_v": 0.5
                },
                "name": "gauss"
            },
            "pre_kernel": {
                "args": {
                    "shift_u": 0.0,
                    "shift_v": 0.0,
                    "var_u": 0.08,
                    "var_v": 0.08
                },
                "name": "gauss"
            },
            "synaptic_layer_index": 2
        },
        {
            "layers": [
                "CA1_sp",
                "CA1_sp.002",
                "CA1_sp.006",
                "CA1_sp.007",
                "CA1_sp.008",
                "EC_5"
            ],
            "mappings": [
                [
                    "MAP_euclid",
                    "DIS_euclid"
                ],
                [
                    "MAP_uv",
                    "DIS_UVjump"
                ],
                [
                    "MAP_uv",
                    "DIS_UVjump"
                ],
                [
                    "MAP_uv",
                    "DIS_jumpUV"
                ],
                [
                    "MAP_euclid",
                    "DIS_euclidUV"
                ]
            ],
            "ng_post": "EC5_Pyramidal",
            "ng_pre": "CA1_Pyramidal",
            "no_synapses": 110,
            "post_kernel": {
                "args": {
                    "shift_u": 0.0,
                    "shift_v": 0.0,
                    "var_u": 0.3,
                    "var_v": 0.3
                },
                "name": "gauss"
            },
            "pre_kernel": {
                "args": {
                    "shift_u": 0.0,
                    "shift_v": 0.0,
                    "var_u": 0.4,
                    "var_v": 1.6
                },
                "name": "gauss"
            },
            "synaptic_layer_index": 4
        },
        {
            "layers": [
                "Subiculum",
                "CA1_sp_axons_all",
                "CA1_sp.006",
                "CA1_sp.007",
                "CA1_sp.008",
                "EC_5"
            ],
            "mappings": [
                [
                    "MAP_euclid",
                    "DIS_euclid"
                ],
                [
                    "MAP_uv",
                    "DIS_UVjump"
                ],
                [
                    "MAP_uv",
                    "DIS_UVjump"
                ],
                [
                    "MAP_uv",
                    "DIS_jumpUV"
                ],
                [
                    "MAP_euclid",
                    "DIS_euclidUV"
                ]
            ],
            "ng_post": "EC5_Pyramidal",
            "ng_pre": "Sub_Pyramidal",
            "no_synapses": 110,
            "post_kernel": {
                "args": {
                    "shift_u": 0.0,
                    "shift_v": 0.0,
                    "var_u": 0.3,
                    "var_v": 0.3
                },
                "name": "gauss"
            },
            "pre_kernel": {
                "args": {
                    "shift_u": 0.0,
                    "shift_v": 0.0,
                    "var_u": 0.2,
                    "var_v": 0.2
                },
                "name": "gauss"
            },
            "synaptic_layer_index": 4
        }
    ],
    "CONNECTION_INDICES": [
        [
            0,
            3,
            2
        ],
        [
            1,
            3,
            1
        ],
        [
            2,
            3,
            0
        ],
        [
            3,
            3,
            5
        ],
        [
            4,
            3,
            4
        ],
        [
            5,
            4,
            3
        ],
        [
            6,
            2,
            1
        ],
        [
            7,
            1,
            1
        ],
        [
            8,
            1,
            0
        ],
        [
            9,
            0,
            5
        ],
        [
            10,
            0,
            4
        ],
        [
            11,
            5,
            4
        ]
    ],
    "NEURON_GROUP_DICT": {
        "CA1_sp": {
            "CA1_Pyramidal": 0
        },
        "CA3_sp": {
            "CA3_Pyramidal": 1
        },
        "DG_sg": {
            "Granule Cells": 2
        },
        "EC_2": {
            "EC2_Pyramidal": 3
        },
        "EC_5": {
            "EC5_Pyramidal": 4
        },
        "Subiculum": {
            "Sub_Pyramidal": 5
        }
    },
    "NEURON_GROUP_LIST": [
        [
            "CA1_sp",
            "CA1_Pyramidal",
            390
        ],
        [
            "CA3_sp",
            "CA3_Pyramidal",
            250
        ],
        [
            "DG_sg",
            "Granule Cells",
            1200
        ],
        [
            "EC_2",
            "EC2_Pyramidal",
            360
        ],
        [
            "EC_5",
            "EC5_Pyramidal",
            330
        ],
        [
            "Subiculum",
            "Sub_Pyramidal",
            285
        ]
    ]
}